"Original asset URL","Type","HTTP status","Local file","Size (bytes)","Status","Note"
"https://cdn.prod.website-files.com/6728a72e769070a603d43c13/67b3436f9c94689d7b68bda0_open-graph.webp","image","200","assets/images/67b3436f9c94689d7b68bda0_open-graph.webp","27404","done",""
"https://cdn.prod.website-files.com/6728a72e769070a603d43c13/css/siena-work-space.webflow.5a4c7c0c2.min.css","css","200","assets/css/siena-work-space.webflow.5a4c7c0c2.min.css","120921","done",""
"https://cdn.prod.website-files.com/6728a72e769070a603d43c13/678a526784eba13c28e48af3_favicon.png","favicon","200","assets/icons/678a526784eba13c28e48af3_favicon.png","483","done",""
"https://cdn.prod.website-files.com/6728a72e769070a603d43c13/678a526bb603a94afc69a431_web-clip.png","image","200","assets/images/678a526bb603a94afc69a431_web-clip.png","3651","done",""
"http://localhost:8000/styles/out.css","css","0","","0","failed","Local, private and metadata addresses cannot be cloned."
"http://localhost:8000/app.js","js","0","","0","failed","Local, private and metadata addresses cannot be cloned."
"https://siena-film-foundation.vercel.app/styles/out.css","css","200","assets/css/out.css","198","done",""
"https://siena-film-foundation.vercel.app/app.js","js","200","assets/js/app.js","429374","done",""
"https://siena-film-foundation.vercel.app/styles/main.css","css","200","assets/css/main.css","21970","done",""
"http://localhost:8000/styles/main.css","css","0","","0","failed","Local, private and metadata addresses cannot be cloned."
"https://cdn.prod.website-files.com/673306db3b111afa559bc378/675eb91e5fafbd1f37953c10_savoy.webp","image","200","assets/images/675eb91e5fafbd1f37953c10_savoy.webp","214634","done",""
"https://cdn.prod.website-files.com/673306db3b111afa559bc378/675eb91e5fafbd1f37953c10_savoy-p-500.webp","image","200","assets/images/675eb91e5fafbd1f37953c10_savoy-p-500.webp","8506","done",""
"https://cdn.prod.website-files.com/673306db3b111afa559bc378/675eb91e5fafbd1f37953c10_savoy-p-800.webp","image","200","assets/images/675eb91e5fafbd1f37953c10_savoy-p-800.webp","25876","done",""
"https://cdn.prod.website-files.com/673306db3b111afa559bc378/675eb91e5fafbd1f37953c10_savoy-p-1080.webp","image","200","assets/images/675eb91e5fafbd1f37953c10_savoy-p-1080.webp","55106","done",""
"https://cdn.prod.website-files.com/673306db3b111afa559bc378/675eb91e5fafbd1f37953c10_savoy-p-1600.webp","image","200","assets/images/675eb91e5fafbd1f37953c10_savoy-p-1600.webp","123780","done",""
"https://cdn.prod.website-files.com/673306db3b111afa559bc378/67923c109ebd8d8a03e4960c_moon.jpg","image","200","assets/images/67923c109ebd8d8a03e4960c_moon.jpg","1075508","done",""
"https://cdn.prod.website-files.com/673306db3b111afa559bc378/67923c109ebd8d8a03e4960c_moon-p-500.jpg","image","200","assets/images/67923c109ebd8d8a03e4960c_moon-p-500.jpg","16426","done",""
"https://cdn.prod.website-files.com/673306db3b111afa559bc378/67923c109ebd8d8a03e4960c_moon-p-800.jpg","image","200","assets/images/67923c109ebd8d8a03e4960c_moon-p-800.jpg","34354","done",""
"https://cdn.prod.website-files.com/673306db3b111afa559bc378/67923c109ebd8d8a03e4960c_moon-p-1080.jpg","image","200","assets/images/67923c109ebd8d8a03e4960c_moon-p-1080.jpg","56045","done",""
"https://cdn.prod.website-files.com/673306db3b111afa559bc378/67923c109ebd8d8a03e4960c_moon-p-1600.jpg","image","200","assets/images/67923c109ebd8d8a03e4960c_moon-p-1600.jpg","106896","done",""
"https://cdn.prod.website-files.com/673306db3b111afa559bc378/675eb903f604a7a856c87467_taboo.webp","image","200","assets/images/675eb903f604a7a856c87467_taboo.webp","289000","done",""
"https://cdn.prod.website-files.com/673306db3b111afa559bc378/675eb903f604a7a856c87467_taboo-p-500.webp","image","200","assets/images/675eb903f604a7a856c87467_taboo-p-500.webp","13924","done",""
"https://cdn.prod.website-files.com/673306db3b111afa559bc378/675eb903f604a7a856c87467_taboo-p-800.webp","image","200","assets/images/675eb903f604a7a856c87467_taboo-p-800.webp","27354","done",""
"https://cdn.prod.website-files.com/673306db3b111afa559bc378/675eb903f604a7a856c87467_taboo-p-1080.webp","image","200","assets/images/675eb903f604a7a856c87467_taboo-p-1080.webp","42504","done",""
"https://cdn.prod.website-files.com/673306db3b111afa559bc378/675eb903f604a7a856c87467_taboo-p-1600.webp","image","200","assets/images/675eb903f604a7a856c87467_taboo-p-1600.webp","77782","done",""
"https://cdn.prod.website-files.com/673306db3b111afa559bc378/67923c37a45465ae82ee3f8b_kafka.jpg","image","200","assets/images/67923c37a45465ae82ee3f8b_kafka.jpg","674999","done",""
"https://cdn.prod.website-files.com/673306db3b111afa559bc378/67923c37a45465ae82ee3f8b_kafka-p-500.jpg","image","200","assets/images/67923c37a45465ae82ee3f8b_kafka-p-500.jpg","10363","done",""
"https://cdn.prod.website-files.com/673306db3b111afa559bc378/67923c37a45465ae82ee3f8b_kafka-p-800.jpg","image","200","assets/images/67923c37a45465ae82ee3f8b_kafka-p-800.jpg","23466","done",""
"https://cdn.prod.website-files.com/673306db3b111afa559bc378/67923c37a45465ae82ee3f8b_kafka-p-1080.jpg","image","200","assets/images/67923c37a45465ae82ee3f8b_kafka-p-1080.jpg","40198","done",""
"https://cdn.prod.website-files.com/673306db3b111afa559bc378/67923c37a45465ae82ee3f8b_kafka-p-1600.jpg","image","200","assets/images/67923c37a45465ae82ee3f8b_kafka-p-1600.jpg","80034","done",""
"https://cdn.prod.website-files.com/673306db3b111afa559bc378/67923c1fa550c616a38131b9_project.jpg","image","200","assets/images/67923c1fa550c616a38131b9_project.jpg","1010998","done",""
"https://cdn.prod.website-files.com/673306db3b111afa559bc378/67923c1fa550c616a38131b9_project-p-500.jpg","image","200","assets/images/67923c1fa550c616a38131b9_project-p-500.jpg","15695","done",""
"https://cdn.prod.website-files.com/673306db3b111afa559bc378/67923c1fa550c616a38131b9_project-p-800.jpg","image","200","assets/images/67923c1fa550c616a38131b9_project-p-800.jpg","31854","done",""
"https://cdn.prod.website-files.com/673306db3b111afa559bc378/67923c1fa550c616a38131b9_project-p-1080.jpg","image","200","assets/images/67923c1fa550c616a38131b9_project-p-1080.jpg","51207","done",""
"https://cdn.prod.website-files.com/673306db3b111afa559bc378/67923c1fa550c616a38131b9_project-p-1600.jpg","image","200","assets/images/67923c1fa550c616a38131b9_project-p-1600.jpg","97803","done",""
"https://cdn.prod.website-files.com/673306db3b111afa559bc378/67923c551123732db723b050_ana.jpg","image","200","assets/images/67923c551123732db723b050_ana.jpg","1110656","done",""
"https://cdn.prod.website-files.com/673306db3b111afa559bc378/67923c551123732db723b050_ana-p-500.jpg","image","200","assets/images/67923c551123732db723b050_ana-p-500.jpg","19633","done",""
"https://cdn.prod.website-files.com/673306db3b111afa559bc378/67923c551123732db723b050_ana-p-800.jpg","image","200","assets/images/67923c551123732db723b050_ana-p-800.jpg","40516","done",""
"https://cdn.prod.website-files.com/673306db3b111afa559bc378/67923c551123732db723b050_ana-p-1080.jpg","image","200","assets/images/67923c551123732db723b050_ana-p-1080.jpg","65335","done",""
"https://cdn.prod.website-files.com/673306db3b111afa559bc378/67923c551123732db723b050_ana-p-1600.jpg","image","200","assets/images/67923c551123732db723b050_ana-p-1600.jpg","120450","done",""
"https://cdn.prod.website-files.com/673306db3b111afa559bc378/67923c44b96499e7828b3f02_freud.jpg","image","200","assets/images/67923c44b96499e7828b3f02_freud.jpg","931407","done",""
"https://cdn.prod.website-files.com/673306db3b111afa559bc378/67923c44b96499e7828b3f02_freud-p-500.jpg","image","200","assets/images/67923c44b96499e7828b3f02_freud-p-500.jpg","14318","done",""
"https://cdn.prod.website-files.com/673306db3b111afa559bc378/67923c44b96499e7828b3f02_freud-p-800.jpg","image","200","assets/images/67923c44b96499e7828b3f02_freud-p-800.jpg","31117","done",""
"https://cdn.prod.website-files.com/673306db3b111afa559bc378/67923c44b96499e7828b3f02_freud-p-1080.jpg","image","200","assets/images/67923c44b96499e7828b3f02_freud-p-1080.jpg","54040","done",""
"https://cdn.prod.website-files.com/673306db3b111afa559bc378/67923c44b96499e7828b3f02_freud-p-1600.jpg","image","200","assets/images/67923c44b96499e7828b3f02_freud-p-1600.jpg","108894","done",""
"https://cdn.prod.website-files.com/673306db3b111afa559bc378/6a57521a66d01829a49634b6_6a2904197526731405fcce8a_BYANYMEANS_2024-04-28_EJA-02511_R1.webp","image","200","assets/images/6a57521a66d01829a49634b6_6a2904197526731405fcce8a_BYANYMEANS_2024-04-28_EJA-0251.bin","408130","done",""
"https://cdn.prod.website-files.com/673306db3b111afa559bc378/6a57521a66d01829a49634b6_6a2904197526731405fcce8a_BYANYMEANS_2024-04-28_EJA-02511_R1-p-500.webp","image","200","assets/images/6a57521a66d01829a49634b6_6a2904197526731405fcce8a_BYANYMEANS_2024-04-28_EJA-0251-2.bin","10538","done",""
"https://cdn.prod.website-files.com/673306db3b111afa559bc378/6a57521a66d01829a49634b6_6a2904197526731405fcce8a_BYANYMEANS_2024-04-28_EJA-02511_R1-p-800.webp","image","200","assets/images/6a57521a66d01829a49634b6_6a2904197526731405fcce8a_BYANYMEANS_2024-04-28_EJA-0251-3.bin","19990","done",""
"https://cdn.prod.website-files.com/673306db3b111afa559bc378/6a57521a66d01829a49634b6_6a2904197526731405fcce8a_BYANYMEANS_2024-04-28_EJA-02511_R1-p-1080.webp","image","200","assets/images/6a57521a66d01829a49634b6_6a2904197526731405fcce8a_BYANYMEANS_2024-04-28_EJA-0251-4.bin","30736","done",""
"https://cdn.prod.website-files.com/673306db3b111afa559bc378/6a57521a66d01829a49634b6_6a2904197526731405fcce8a_BYANYMEANS_2024-04-28_EJA-02511_R1-p-1600.webp","image","200","assets/images/6a57521a66d01829a49634b6_6a2904197526731405fcce8a_BYANYMEANS_2024-04-28_EJA-0251-5.bin","61802","done",""
"https://cdn.prod.website-files.com/673306db3b111afa559bc378/6a57521a66d01829a49634b6_6a2904197526731405fcce8a_BYANYMEANS_2024-04-28_EJA-02511_R1-p-2000.webp","image","200","assets/images/6a57521a66d01829a49634b6_6a2904197526731405fcce8a_BYANYMEANS_2024-04-28_EJA-0251-6.bin","102606","done",""
"https://cdn.prod.website-files.com/673306db3b111afa559bc378/6a57521a66d01829a49634b6_6a2904197526731405fcce8a_BYANYMEANS_2024-04-28_EJA-02511_R1-p-2600.webp","image","200","assets/images/6a57521a66d01829a49634b6_6a2904197526731405fcce8a_BYANYMEANS_2024-04-28_EJA-0251-7.bin","222940","done",""
"https://cdn.prod.website-files.com/673306db3b111afa559bc378/6a57521a66d01829a49634b6_6a2904197526731405fcce8a_BYANYMEANS_2024-04-28_EJA-02511_R1-p-3200.webp","image","200","assets/images/6a57521a66d01829a49634b6_6a2904197526731405fcce8a_BYANYMEANS_2024-04-28_EJA-0251-8.bin","249208","done",""
"https://cdn.prod.website-files.com/673306db3b111afa559bc378/679211be9a26425f2f94212a_JFF.webp","image","200","assets/images/679211be9a26425f2f94212a_JFF.webp","11962","done",""
"https://cdn.prod.website-files.com/673306db3b111afa559bc378/6737543fa746759466bd3937_stars.svg","svg","200","assets/images/6737543fa746759466bd3937_stars.svg","1026","done",""
"https://cdn.prod.website-files.com/673306db3b111afa559bc378/678e53c20255431b422d2a82_International%20Film%20Festival%20Rotterdam.webp","image","200","assets/images/678e53c20255431b422d2a82_International-Film-Festival-Rotterdam.webp","6958","done",""
"https://cdn.prod.website-files.com/673306db3b111afa559bc378/679207ea247d7e0f606ff70d_attachment%201.webp","image","200","assets/images/679207ea247d7e0f606ff70d_attachment-1.webp","15278","done",""
"https://cdn.prod.website-files.com/673306db3b111afa559bc378/678e5718a9496c3b77c64191_DOCAVIV.webp","image","200","assets/images/678e5718a9496c3b77c64191_DOCAVIV.webp","4506","done",""
"https://cdn.prod.website-files.com/673306db3b111afa559bc378/678e53fbd679a4bb8301a33a_Cinema%20South%20Festival.webp","image","200","assets/images/678e53fbd679a4bb8301a33a_Cinema-South-Festival.webp","6576","done",""
"https://cdn.prod.website-files.com/6728a72e769070a603d43c13/673757a6e5e1b7a35e562945_cannes.png","image","200","assets/images/673757a6e5e1b7a35e562945_cannes.png","79787","done",""
"https://cdn.jsdelivr.net/gh/niccolomiranda/siena/animated_logo_black.mp4","video","200","assets/media/animated_logo_black.mp4","1455700","done",""
"https://cdn.jsdelivr.net/gh/niccolomiranda/siena/intro_mobile.mp4","video","200","assets/media/intro_mobile.mp4","793094","done",""
"https://cdn.jsdelivr.net/gh/niccolomiranda/siena/tutorial-final.mp4","video","200","","18409674","failed","Skipped: exceeds size limit"
"https://d3e54v103j8qbb.cloudfront.net/js/jquery-3.5.1.min.dc5e7f18c8.js?site=6728a72e769070a603d43c13","js","200","assets/js/jquery-3.5.1.min.dc5e7f18c8.js","89476","done",""
"https://cdn.prod.website-files.com/6728a72e769070a603d43c13/js/webflow.schunk.7bfea9800fb08bae.js","js","200","assets/js/webflow.schunk.7bfea9800fb08bae.js","44383","done",""
"https://cdn.prod.website-files.com/6728a72e769070a603d43c13/js/webflow.a0aa6ca1.a7ed9526f3bd2ad7.js","js","200","assets/js/webflow.a0aa6ca1.a7ed9526f3bd2ad7.js","1191","done",""
"https://cdn.jsdelivr.net/gh/niccolomiranda/siena/Savoy-01.mp4","video","200","","16037390","failed","Skipped: exceeds size limit"
"https://cdn.prod.website-files.com/673306db3b111afa559bc378/678fa9d345ccec42ef578cb5_savoy.webp","image","200","assets/images/678fa9d345ccec42ef578cb5_savoy.webp","110314","done",""
"https://cdn.prod.website-files.com/673306db3b111afa559bc378/678fa9d345ccec42ef578cb5_savoy-p-500.webp","image","200","assets/images/678fa9d345ccec42ef578cb5_savoy-p-500.webp","27178","done",""
"https://cdn.prod.website-files.com/673306db3b111afa559bc378/678fa9d345ccec42ef578cb5_savoy-p-800.webp","image","200","assets/images/678fa9d345ccec42ef578cb5_savoy-p-800.webp","61886","done",""
"https://cdn.prod.website-files.com/673306db3b111afa559bc378/678fa9d345ccec42ef578cb5_savoy-p-1080.webp","image","200","assets/images/678fa9d345ccec42ef578cb5_savoy-p-1080.webp","88784","done",""
"https://cdn.prod.website-files.com/673306db3b111afa559bc378/6750c22f214b0f9818f5a920_Savoy%20(0-01-02-06).webp","image","200","assets/images/6750c22f214b0f9818f5a920_Savoy-0-01-02-06-.webp","13982","done",""
"https://cdn.prod.website-files.com/673306db3b111afa559bc378/6750c22fdcfc0cba857005bd_Savoy%20(0-02-12-07).webp","image","200","assets/images/6750c22fdcfc0cba857005bd_Savoy-0-02-12-07-.webp","5574","done",""
"https://cdn.prod.website-files.com/673306db3b111afa559bc378/6750c22ffcd7c8946c32eb23_Savoy%20(0-02-20-02).webp","image","200","assets/images/6750c22ffcd7c8946c32eb23_Savoy-0-02-20-02-.webp","7546","done",""
"https://cdn.prod.website-files.com/673306db3b111afa559bc378/6750c22f7e764933299a8159_Savoy%20(0-02-35-15).webp","image","200","assets/images/6750c22f7e764933299a8159_Savoy-0-02-35-15-.webp","8010","done",""
"https://cdn.prod.website-files.com/673306db3b111afa559bc378/6750c22f39ab8157cdc1814c_Savoy%20(0-02-51-05).webp","image","200","assets/images/6750c22f39ab8157cdc1814c_Savoy-0-02-51-05-.webp","9848","done",""
"https://cdn.prod.website-files.com/673306db3b111afa559bc378/6750c22f443c911cd74ade38_Savoy%20(0-03-53-11).webp","image","200","assets/images/6750c22f443c911cd74ade38_Savoy-0-03-53-11-.webp","10014","done",""
"https://cdn.prod.website-files.com/673306db3b111afa559bc378/6750c22f661412a2154dc811_Savoy%20(0-05-03-12).webp","image","200","assets/images/6750c22f661412a2154dc811_Savoy-0-05-03-12-.webp","9066","done",""
"https://cdn.prod.website-files.com/673306db3b111afa559bc378/6750c22fac504d648dc406b7_Savoy%20(0-06-29-02).webp","image","200","assets/images/6750c22fac504d648dc406b7_Savoy-0-06-29-02-.webp","4472","done",""
"https://cdn.prod.website-files.com/673306db3b111afa559bc378/6750c22f019925272302c229_Savoy%20(0-11-01-11).webp","image","200","assets/images/6750c22f019925272302c229_Savoy-0-11-01-11-.webp","7460","done",""
"https://cdn.prod.website-files.com/673306db3b111afa559bc378/6750c22fc9ebbbcbdfa3c9f2_Savoy%20(0-12-11-12).webp","image","200","assets/images/6750c22fc9ebbbcbdfa3c9f2_Savoy-0-12-11-12-.webp","5790","done",""
"https://cdn.prod.website-files.com/673306db3b111afa559bc378/6750c22f774a5b2a43c74cbe_Savoy%20(0-14-39-08).webp","image","200","assets/images/6750c22f774a5b2a43c74cbe_Savoy-0-14-39-08-.webp","13174","done",""
"https://cdn.prod.website-files.com/673306db3b111afa559bc378/6750c22f019925272302c21a_Savoy%20(0-14-47-03).webp","image","200","assets/images/6750c22f019925272302c21a_Savoy-0-14-47-03-.webp","10796","done",""
"https://cdn.prod.website-files.com/673306db3b111afa559bc378/6750c22f0d6c11ee5940b40f_Savoy%20(0-17-22-18).webp","image","200","assets/images/6750c22f0d6c11ee5940b40f_Savoy-0-17-22-18-.webp","5768","done",""
"https://cdn.prod.website-files.com/673306db3b111afa559bc378/6750c22f7a05872b0391e8a9_Savoy%20(0-20-37-07).webp","image","200","assets/images/6750c22f7a05872b0391e8a9_Savoy-0-20-37-07-.webp","5638","done",""
"https://cdn.prod.website-files.com/673306db3b111afa559bc378/6750c22f12356fe31c243402_Savoy%20(0-24-07-10).webp","image","200","assets/images/6750c22f12356fe31c243402_Savoy-0-24-07-10-.webp","12440","done",""
"https://cdn.prod.website-files.com/673306db3b111afa559bc378/6750c22fbe9f371ed737eab0_Savoy%20(0-25-09-16).webp","image","200","assets/images/6750c22fbe9f371ed737eab0_Savoy-0-25-09-16-.webp","9448","done",""
"https://cdn.prod.website-files.com/673306db3b111afa559bc378/6750c22f421c22dffff48368_Savoy%20(0-26-58-14).webp","image","200","assets/images/6750c22f421c22dffff48368_Savoy-0-26-58-14-.webp","27770","done",""
"https://cdn.prod.website-files.com/673306db3b111afa559bc378/6750c22f54dd79329e680ef7_Savoy%20(0-30-59-20).webp","image","200","assets/images/6750c22f54dd79329e680ef7_Savoy-0-30-59-20-.webp","5718","done",""
"https://cdn.prod.website-files.com/673306db3b111afa559bc378/6750c22f130e2f801407571c_Savoy%20(0-32-25-10).webp","image","200","assets/images/6750c22f130e2f801407571c_Savoy-0-32-25-10-.webp","5512","done",""
"https://cdn.prod.website-files.com/673306db3b111afa559bc378/6750c22f6c7f401803e909c8_Savoy%20(0-32-56-13).webp","image","200","assets/images/6750c22f6c7f401803e909c8_Savoy-0-32-56-13-.webp","14684","done",""
"https://cdn.prod.website-files.com/673306db3b111afa559bc378/6750c22f661412a2154dc808_Savoy%20(0-36-18-21).webp","image","200","assets/images/6750c22f661412a2154dc808_Savoy-0-36-18-21-.webp","7652","done",""
"https://cdn.prod.website-files.com/673306db3b111afa559bc378/6750c22f37cd1cd9f91e8e5f_Savoy%20(0-42-24-15).webp","image","200","assets/images/6750c22f37cd1cd9f91e8e5f_Savoy-0-42-24-15-.webp","7876","done",""
"https://cdn.prod.website-files.com/673306db3b111afa559bc378/67b33c467d57178b71d24834_FIPADOC.png","image","200","assets/images/67b33c467d57178b71d24834_FIPADOC.png","11192","done",""
"https://cdn.prod.website-files.com/plugins/Basic/assets/placeholder.60f9b1840c.svg","svg","403","","0","failed","Protected — skipped"
"https://cdn.prod.website-files.com/673306db3b111afa559bc378/67b33c6262a32eb13aa6ee89_Santa%20Barbara%20International%20Film%20Festival.png","image","200","assets/images/67b33c6262a32eb13aa6ee89_Santa-Barbara-International-Film-Festival.png","23614","done",""
"https://cdn.prod.website-files.com/673306db3b111afa559bc378/67b33c7af355a66a3943725c_Krakow%20Film%20Festival.png","image","200","assets/images/67b33c7af355a66a3943725c_Krakow-Film-Festival.png","35780","done",""
"https://cdn.prod.website-files.com/673306db3b111afa559bc378/67b33c8a435141472d4c0fdc_JIFF.png","image","200","assets/images/67b33c8a435141472d4c0fdc_JIFF.png","9585","done",""
"https://cdn.prod.website-files.com/673306db3b111afa559bc378/67b33c94d8704f2cda607582_UK%20Jewish%20Film%20Festival.png","image","200","assets/images/67b33c94d8704f2cda607582_UK-Jewish-Film-Festival.png","8167","done",""
"https://cdn.prod.website-files.com/673306db3b111afa559bc378/67b33c04d36dc4f709693c8b_Warsaw%20Film%20Festival.png","image","200","assets/images/67b33c04d36dc4f709693c8b_Warsaw-Film-Festival.png","15120","done",""
"https://cdn.prod.website-files.com/673306db3b111afa559bc378/67b33cab736f467d49bc0aca_Atlanta%20Jewish%20Film%20Festival.png","image","200","assets/images/67b33cab736f467d49bc0aca_Atlanta-Jewish-Film-Festival.png","18597","done",""
"https://cdn.prod.website-files.com/673306db3b111afa559bc378/67b33cba5c710c791d95902f_Seattle%20Jewish%20Film%20Festival.png","image","200","assets/images/67b33cba5c710c791d95902f_Seattle-Jewish-Film-Festival.png","20409","done",""
"https://cdn.prod.website-files.com/673306db3b111afa559bc378/67b33d1bb9ef6fb5cb854f72_Boca%20International%20Jewish%20Film%20Festival.png","image","200","assets/images/67b33d1bb9ef6fb5cb854f72_Boca-International-Jewish-Film-Festival.png","26552","done",""
"https://cdn.prod.website-files.com/673306db3b111afa559bc378/67b33d24a804fa02a1779848_Ophir%20Awards.png","image","200","assets/images/67b33d24a804fa02a1779848_Ophir-Awards.png","17778","done",""
"https://cdn.jsdelivr.net/gh/niccolomiranda/siena/Moon.mp4","video","200","","16753595","failed","Skipped: exceeds size limit"
"https://cdn.prod.website-files.com/673306db3b111afa559bc378/678fa9b886f976d7dd959be9_moon-12-house.webp","image","200","assets/images/678fa9b886f976d7dd959be9_moon-12-house.webp","32748","done",""
"https://cdn.prod.website-files.com/673306db3b111afa559bc378/678fa9b886f976d7dd959be9_moon-12-house-p-500.webp","image","200","assets/images/678fa9b886f976d7dd959be9_moon-12-house-p-500.webp","9446","done",""
"https://cdn.prod.website-files.com/673306db3b111afa559bc378/678fa9b886f976d7dd959be9_moon-12-house-p-800.webp","image","200","assets/images/678fa9b886f976d7dd959be9_moon-12-house-p-800.webp","18128","done",""
"https://cdn.prod.website-files.com/673306db3b111afa559bc378/678fa9b886f976d7dd959be9_moon-12-house-p-1080.webp","image","200","assets/images/678fa9b886f976d7dd959be9_moon-12-house-p-1080.webp","26600","done",""
"https://cdn.prod.website-files.com/673306db3b111afa559bc378/6750c201c90bd57118d82564_Moon12%20Prores422hq%20Lt%20Rt%2002.06.16%20(0-01-02-01).webp","image","200","assets/images/6750c201c90bd57118d82564_Moon12-Prores422hq-Lt-Rt-02.06.16-0-01-02-01-.webp","17588","done",""
"https://cdn.prod.website-files.com/673306db3b111afa559bc378/6750c20114882ab5f2fd6d77_Moon12%20Prores422hq%20Lt%20Rt%2002.06.16%20(0-01-40-19).webp","image","200","assets/images/6750c20114882ab5f2fd6d77_Moon12-Prores422hq-Lt-Rt-02.06.16-0-01-40-19-.webp","5716","done",""
"https://cdn.prod.website-files.com/673306db3b111afa559bc378/6750c201dcfc0cba856fe41d_Moon12%20Prores422hq%20Lt%20Rt%2002.06.16%20(0-03-52-15).webp","image","200","assets/images/6750c201dcfc0cba856fe41d_Moon12-Prores422hq-Lt-Rt-02.06.16-0-03-52-15-.webp","23798","done",""
"https://cdn.prod.website-files.com/673306db3b111afa559bc378/6750c2017edbf7042204cd0d_Moon12%20Prores422hq%20Lt%20Rt%2002.06.16%20(0-04-23-15).webp","image","200","assets/images/6750c2017edbf7042204cd0d_Moon12-Prores422hq-Lt-Rt-02.06.16-0-04-23-15-.webp","15510","done",""
"https://cdn.prod.website-files.com/673306db3b111afa559bc378/6750c201ed8eda169b742f52_Moon12%20Prores422hq%20Lt%20Rt%2002.06.16%20(0-05-02-10).webp","image","200","assets/images/6750c201ed8eda169b742f52_Moon12-Prores422hq-Lt-Rt-02.06.16-0-05-02-10-.webp","8206","done",""
"https://cdn.prod.website-files.com/673306db3b111afa559bc378/6750c201fcd7c8946c32b887_Moon12%20Prores422hq%20Lt%20Rt%2002.06.16%20(0-05-56-16).webp","image","200","assets/images/6750c201fcd7c8946c32b887_Moon12-Prores422hq-Lt-Rt-02.06.16-0-05-56-16-.webp","10178","done",""
"https://cdn.prod.website-files.com/673306db3b111afa559bc378/6750c2013988ae0d169417ee_Moon12%20Prores422hq%20Lt%20Rt%2002.06.16%20(0-14-36-05).webp","image","200","assets/images/6750c2013988ae0d169417ee_Moon12-Prores422hq-Lt-Rt-02.06.16-0-14-36-05-.webp","15230","done",""
"https://cdn.prod.website-files.com/673306db3b111afa559bc378/6750c202ce07da951d2ef1cd_Moon12%20Prores422hq%20Lt%20Rt%2002.06.16%20(0-16-01-12).webp","image","200","assets/images/6750c202ce07da951d2ef1cd_Moon12-Prores422hq-Lt-Rt-02.06.16-0-16-01-12-.webp","33724","done",""
"https://cdn.prod.website-files.com/673306db3b111afa559bc378/6750c202ce07da951d2ef1cd_Moon12%20Prores422hq%20Lt%20Rt%2002.06.16%20(0-16-01-12)-p-500.webp","image","200","assets/images/6750c202ce07da951d2ef1cd_Moon12-Prores422hq-Lt-Rt-02.06.16-0-16-01-12-p-500.webp","12844","done",""
"https://cdn.prod.website-files.com/673306db3b111afa559bc378/6750c201e3f9c080ac8abee3_Moon12%20Prores422hq%20Lt%20Rt%2002.06.16%20(0-17-03-13).webp","image","200","assets/images/6750c201e3f9c080ac8abee3_Moon12-Prores422hq-Lt-Rt-02.06.16-0-17-03-13-.webp","25938","done",""
"https://cdn.prod.website-files.com/673306db3b111afa559bc378/6750c201468564195ba0d6f5_Moon12%20Prores422hq%20Lt%20Rt%2002.06.16%20(0-17-26-19).webp","image","200","assets/images/6750c201468564195ba0d6f5_Moon12-Prores422hq-Lt-Rt-02.06.16-0-17-26-19-.webp","14690","done",""
"https://cdn.prod.website-files.com/673306db3b111afa559bc378/6750c20134feea701b7f0322_Moon12%20Prores422hq%20Lt%20Rt%2002.06.16%20(0-21-42-16).webp","image","200","assets/images/6750c20134feea701b7f0322_Moon12-Prores422hq-Lt-Rt-02.06.16-0-21-42-16-.webp","14674","done",""
"https://cdn.prod.website-files.com/673306db3b111afa559bc378/6750c201ea6a497048530745_Moon12%20Prores422hq%20Lt%20Rt%2002.06.16%20(0-22-21-11).webp","image","200","assets/images/6750c201ea6a497048530745_Moon12-Prores422hq-Lt-Rt-02.06.16-0-22-21-11-.webp","11684","done",""
"https://cdn.prod.website-files.com/673306db3b111afa559bc378/6750c201e943deed07a5d0f4_Moon12%20Prores422hq%20Lt%20Rt%2002.06.16%20(0-26-14-02).webp","image","200","assets/images/6750c201e943deed07a5d0f4_Moon12-Prores422hq-Lt-Rt-02.06.16-0-26-14-02-.webp","5490","done",""
"https://cdn.prod.website-files.com/673306db3b111afa559bc378/6750c2014eb7dbdf93001cb9_Moon12%20Prores422hq%20Lt%20Rt%2002.06.16%20(0-28-33-15).webp","image","200","assets/images/6750c2014eb7dbdf93001cb9_Moon12-Prores422hq-Lt-Rt-02.06.16-0-28-33-15-.webp","12166","done",""
"https://cdn.prod.website-files.com/673306db3b111afa559bc378/6750c201181712870ecf3194_Moon12%20Prores422hq%20Lt%20Rt%2002.06.16%20(0-30-29-23).webp","image","200","assets/images/6750c201181712870ecf3194_Moon12-Prores422hq-Lt-Rt-02.06.16-0-30-29-23-.webp","13114","done",""
"https://cdn.prod.website-files.com/673306db3b111afa559bc378/6750c201fa0cfc045bb880cd_Moon12%20Prores422hq%20Lt%20Rt%2002.06.16%20(0-38-38-11).webp","image","200","assets/images/6750c201fa0cfc045bb880cd_Moon12-Prores422hq-Lt-Rt-02.06.16-0-38-38-11-.webp","8182","done",""
"https://cdn.prod.website-files.com/673306db3b111afa559bc378/6750c201f6d44780dd3a913f_Moon12%20Prores422hq%20Lt%20Rt%2002.06.16%20(0-39-48-06).webp","image","200","assets/images/6750c201f6d44780dd3a913f_Moon12-Prores422hq-Lt-Rt-02.06.16-0-39-48-06-.webp","9958","done",""
"https://cdn.prod.website-files.com/673306db3b111afa559bc378/6750c20114882ab5f2fd6d65_Moon12%20Prores422hq%20Lt%20Rt%2002.06.16%20(0-42-46-14).webp","image","200","assets/images/6750c20114882ab5f2fd6d65_Moon12-Prores422hq-Lt-Rt-02.06.16-0-42-46-14-.webp","10700","done",""
"https://cdn.prod.website-files.com/673306db3b111afa559bc378/6750c2019ba593b660d13f4a_Moon12%20Prores422hq%20Lt%20Rt%2002.06.16%20(0-56-51-19).webp","image","200","assets/images/6750c2019ba593b660d13f4a_Moon12-Prores422hq-Lt-Rt-02.06.16-0-56-51-19-.webp","10962","done",""
"https://cdn.prod.website-files.com/673306db3b111afa559bc378/6750c20164828da173c78264_Moon12%20Prores422hq%20Lt%20Rt%2002.06.16%20(0-58-40-08).webp","image","200","assets/images/6750c20164828da173c78264_Moon12-Prores422hq-Lt-Rt-02.06.16-0-58-40-08-.webp","32634","done",""
"https://cdn.prod.website-files.com/673306db3b111afa559bc378/6750c201421c22dffff45bd1_Moon12%20Prores422hq%20Lt%20Rt%2002.06.16%20(1-01-15-10).webp","image","200","assets/images/6750c201421c22dffff45bd1_Moon12-Prores422hq-Lt-Rt-02.06.16-1-01-15-10-.webp","15348","done",""
"https://cdn.prod.website-files.com/673306db3b111afa559bc378/6750c201ea6a49704853073d_Moon12%20Prores422hq%20Lt%20Rt%2002.06.16%20(1-01-23-04).webp","image","200","assets/images/6750c201ea6a49704853073d_Moon12-Prores422hq-Lt-Rt-02.06.16-1-01-23-04-.webp","25774","done",""
"https://cdn.prod.website-files.com/673306db3b111afa559bc378/6750c201c9ebbbcbdfa3aaf4_Moon12%20Prores422hq%20Lt%20Rt%2002.06.16%20(1-06-48-20).webp","image","200","assets/images/6750c201c9ebbbcbdfa3aaf4_Moon12-Prores422hq-Lt-Rt-02.06.16-1-06-48-20-.webp","7946","done",""
"https://cdn.prod.website-files.com/673306db3b111afa559bc378/6750c2017a05872b0391a7b5_Moon12%20Prores422hq%20Lt%20Rt%2002.06.16%20(1-07-04-08).webp","image","200","assets/images/6750c2017a05872b0391a7b5_Moon12-Prores422hq-Lt-Rt-02.06.16-1-07-04-08-.webp","18214","done",""
"https://cdn.prod.website-files.com/673306db3b111afa559bc378/6750c201ea6a497048530736_Moon12%20Prores422hq%20Lt%20Rt%2002.06.16%20(1-10-25-23).webp","image","200","assets/images/6750c201ea6a497048530736_Moon12-Prores422hq-Lt-Rt-02.06.16-1-10-25-23-.webp","15128","done",""
"https://cdn.prod.website-files.com/673306db3b111afa559bc378/67b33c14e6bcd6416d5991a3_Seatle%20Film%20Festival.png","image","200","assets/images/67b33c14e6bcd6416d5991a3_Seatle-Film-Festival.png","12552","done",""
"https://cdn.prod.website-files.com/673306db3b111afa559bc378/67b33c205a9d9ad2bda6bf3d_SERET.png","image","200","assets/images/67b33c205a9d9ad2bda6bf3d_SERET.png","34507","done",""
"https://cdn.prod.website-files.com/673306db3b111afa559bc378/67b33c3bed71cf3388ba7d61_The%20Chicago%20International%20Film%20Festival.png","image","200","assets/images/67b33c3bed71cf3388ba7d61_The-Chicago-International-Film-Festival.png","13621","done",""
"https://cdn.jsdelivr.net/gh/niccolomiranda/siena/Kafka-01.mp4","video","200","","15331273","failed","Skipped: exceeds size limit"
"https://cdn.prod.website-files.com/673306db3b111afa559bc378/678fa9ac0c9e0abc1e54b2f9_kafka.webp","image","200","assets/images/678fa9ac0c9e0abc1e54b2f9_kafka.webp","39994","done",""
"https://cdn.prod.website-files.com/673306db3b111afa559bc378/678fa9ac0c9e0abc1e54b2f9_kafka-p-500.webp","image","200","assets/images/678fa9ac0c9e0abc1e54b2f9_kafka-p-500.webp","11020","done",""
"https://cdn.prod.website-files.com/673306db3b111afa559bc378/678fa9ac0c9e0abc1e54b2f9_kafka-p-800.webp","image","200","assets/images/678fa9ac0c9e0abc1e54b2f9_kafka-p-800.webp","21804","done",""
"https://cdn.prod.website-files.com/673306db3b111afa559bc378/678fa9ac0c9e0abc1e54b2f9_kafka-p-1080.webp","image","200","assets/images/678fa9ac0c9e0abc1e54b2f9_kafka-p-1080.webp","31274","done",""
"https://cdn.prod.website-files.com/673306db3b111afa559bc378/6750c1b1214b0f9818f52995_%D7%94%D7%9E%D7%A9%D7%A4%D7%98_%D7%94%D7%90%D7%97%D7%A8%D7%95%D7%9F_%D7%A9%D7%9C_%D7%A7%D7%A4%D7%A7%D7%90-_%D7%90%D7%95%D7%9F_%D7%9C%D7%99%D7%99%D7%9F-%20(0-01-41-04).webp","image","200","assets/images/6750c1b1214b0f9818f52995_-_-_-_-_-_-0-01-41-04-.webp","6214","done",""
"https://cdn.prod.website-files.com/673306db3b111afa559bc378/6750c1b15ce16971b13ff8e3_%D7%94%D7%9E%D7%A9%D7%A4%D7%98_%D7%94%D7%90%D7%97%D7%A8%D7%95%D7%9F_%D7%A9%D7%9C_%D7%A7%D7%A4%D7%A7%D7%90-_%D7%90%D7%95%D7%9F_%D7%9C%D7%99%D7%99%D7%9F-%20(0-01-56-17).webp","image","200","assets/images/6750c1b15ce16971b13ff8e3_-_-_-_-_-_-0-01-56-17-.webp","9542","done",""
"https://cdn.prod.website-files.com/673306db3b111afa559bc378/6750c1b1fcd7c8946c327072_%D7%94%D7%9E%D7%A9%D7%A4%D7%98_%D7%94%D7%90%D7%97%D7%A8%D7%95%D7%9F_%D7%A9%D7%9C_%D7%A7%D7%A4%D7%A7%D7%90-_%D7%90%D7%95%D7%9F_%D7%9C%D7%99%D7%99%D7%9F-%20(0-02-04-12).webp","image","200","assets/images/6750c1b1fcd7c8946c327072_-_-_-_-_-_-0-02-04-12-.webp","11812","done",""
"https://cdn.prod.website-files.com/673306db3b111afa559bc378/6750c1b1dcfc0cba856f897f_%D7%94%D7%9E%D7%A9%D7%A4%D7%98_%D7%94%D7%90%D7%97%D7%A8%D7%95%D7%9F_%D7%A9%D7%9C_%D7%A7%D7%A4%D7%A7%D7%90-_%D7%90%D7%95%D7%9F_%D7%9C%D7%99%D7%99%D7%9F-%20(0-03-14-13).webp","image","200","assets/images/6750c1b1dcfc0cba856f897f_-_-_-_-_-_-0-03-14-13-.webp","18744","done",""
"https://cdn.prod.website-files.com/673306db3b111afa559bc378/6750c1b13f7e670ae41781d0_%D7%94%D7%9E%D7%A9%D7%A4%D7%98_%D7%94%D7%90%D7%97%D7%A8%D7%95%D7%9F_%D7%A9%D7%9C_%D7%A7%D7%A4%D7%A7%D7%90-_%D7%90%D7%95%D7%9F_%D7%9C%D7%99%D7%99%D7%9F-%20(0-04-40-03).webp","image","200","assets/images/6750c1b13f7e670ae41781d0_-_-_-_-_-_-0-04-40-03-.webp","21104","done",""
"https://cdn.prod.website-files.com/673306db3b111afa559bc378/6750c1b1e794c7ffe53d5b3c_%D7%94%D7%9E%D7%A9%D7%A4%D7%98_%D7%94%D7%90%D7%97%D7%A8%D7%95%D7%9F_%D7%A9%D7%9C_%D7%A7%D7%A4%D7%A7%D7%90-_%D7%90%D7%95%D7%9F_%D7%9C%D7%99%D7%99%D7%9F-%20(0-05-11-06).webp","image","200","assets/images/6750c1b1e794c7ffe53d5b3c_-_-_-_-_-_-0-05-11-06-.webp","9026","done",""
"https://cdn.prod.website-files.com/673306db3b111afa559bc378/6750c1b1181712870ecee0ea_%D7%94%D7%9E%D7%A9%D7%A4%D7%98_%D7%94%D7%90%D7%97%D7%A8%D7%95%D7%9F_%D7%A9%D7%9C_%D7%A7%D7%A4%D7%A7%D7%90-_%D7%90%D7%95%D7%9F_%D7%9C%D7%99%D7%99%D7%9F-%20(0-05-50-04).webp","image","200","assets/images/6750c1b1181712870ecee0ea_-_-_-_-_-_-0-05-50-04-.webp","11822","done",""
"https://cdn.prod.website-files.com/673306db3b111afa559bc378/6750c1b142782707aa0fb581_%D7%94%D7%9E%D7%A9%D7%A4%D7%98_%D7%94%D7%90%D7%97%D7%A8%D7%95%D7%9F_%D7%A9%D7%9C_%D7%A7%D7%A4%D7%A7%D7%90-_%D7%90%D7%95%D7%9F_%D7%9C%D7%99%D7%99%D7%9F-%20(0-07-31-08).webp","image","200","assets/images/6750c1b142782707aa0fb581_-_-_-_-_-_-0-07-31-08-.webp","11984","done",""
"https://cdn.prod.website-files.com/673306db3b111afa559bc378/6750c1b118efbc3de149956a_%D7%94%D7%9E%D7%A9%D7%A4%D7%98_%D7%94%D7%90%D7%97%D7%A8%D7%95%D7%9F_%D7%A9%D7%9C_%D7%A7%D7%A4%D7%A7%D7%90-_%D7%90%D7%95%D7%9F_%D7%9C%D7%99%D7%99%D7%9F-%20(0-11-17-00).webp","image","200","assets/images/6750c1b118efbc3de149956a_-_-_-_-_-_-0-11-17-00-.webp","5610","done",""
"https://cdn.prod.website-files.com/673306db3b111afa559bc378/6750c1b1f154999a485e694a_%D7%94%D7%9E%D7%A9%D7%A4%D7%98_%D7%94%D7%90%D7%97%D7%A8%D7%95%D7%9F_%D7%A9%D7%9C_%D7%A7%D7%A4%D7%A7%D7%90-_%D7%90%D7%95%D7%9F_%D7%9C%D7%99%D7%99%D7%9F-%20(0-11-55-22).webp","image","200","assets/images/6750c1b1f154999a485e694a_-_-_-_-_-_-0-11-55-22-.webp","10876","done",""
"https://cdn.prod.website-files.com/673306db3b111afa559bc378/6750c1b1ac504d648dc37ec9_%D7%94%D7%9E%D7%A9%D7%A4%D7%98_%D7%94%D7%90%D7%97%D7%A8%D7%95%D7%9F_%D7%A9%D7%9C_%D7%A7%D7%A4%D7%A7%D7%90-_%D7%90%D7%95%D7%9F_%D7%9C%D7%99%D7%99%D7%9F-%20(0-18-17-05).webp","image","200","assets/images/6750c1b1ac504d648dc37ec9_-_-_-_-_-_-0-18-17-05-.webp","17388","done",""
"https://cdn.prod.website-files.com/673306db3b111afa559bc378/6750c1b18059dfb11662df02_%D7%94%D7%9E%D7%A9%D7%A4%D7%98_%D7%94%D7%90%D7%97%D7%A8%D7%95%D7%9F_%D7%A9%D7%9C_%D7%A7%D7%A4%D7%A7%D7%90-_%D7%90%D7%95%D7%9F_%D7%9C%D7%99%D7%99%D7%9F-%20(0-20-29-12).webp","image","200","assets/images/6750c1b18059dfb11662df02_-_-_-_-_-_-0-20-29-12-.webp","14374","done",""
"https://cdn.prod.website-files.com/673306db3b111afa559bc378/6750c1b1130e2f801406d0d7_%D7%94%D7%9E%D7%A9%D7%A4%D7%98_%D7%94%D7%90%D7%97%D7%A8%D7%95%D7%9F_%D7%A9%D7%9C_%D7%A7%D7%A4%D7%A7%D7%90-_%D7%90%D7%95%D7%9F_%D7%9C%D7%99%D7%99%D7%9F-%20(0-25-01-21).webp","image","200","assets/images/6750c1b1130e2f801406d0d7_-_-_-_-_-_-0-25-01-21-.webp","14228","done",""
"https://cdn.prod.website-files.com/673306db3b111afa559bc378/6750c1b1d7b4a61754ebc263_%D7%94%D7%9E%D7%A9%D7%A4%D7%98_%D7%94%D7%90%D7%97%D7%A8%D7%95%D7%9F_%D7%A9%D7%9C_%D7%A7%D7%A4%D7%A7%D7%90-_%D7%90%D7%95%D7%9F_%D7%9C%D7%99%D7%99%D7%9F-%20(0-29-49-19).webp","image","200","assets/images/6750c1b1d7b4a61754ebc263_-_-_-_-_-_-0-29-49-19-.webp","12506","done",""
"https://cdn.prod.website-files.com/673306db3b111afa559bc378/6750c1b13a20c74684717079_%D7%94%D7%9E%D7%A9%D7%A4%D7%98_%D7%94%D7%90%D7%97%D7%A8%D7%95%D7%9F_%D7%A9%D7%9C_%D7%A7%D7%A4%D7%A7%D7%90-_%D7%90%D7%95%D7%9F_%D7%9C%D7%99%D7%99%D7%9F-%20(0-31-46-12).webp","image","200","assets/images/6750c1b13a20c74684717079_-_-_-_-_-_-0-31-46-12-.webp","12496","done",""
"https://cdn.prod.website-files.com/673306db3b111afa559bc378/6750c1b16c7f401803e875c7_%D7%94%D7%9E%D7%A9%D7%A4%D7%98_%D7%94%D7%90%D7%97%D7%A8%D7%95%D7%9F_%D7%A9%D7%9C_%D7%A7%D7%A4%D7%A7%D7%90-_%D7%90%D7%95%D7%9F_%D7%9C%D7%99%D7%99%D7%9F-%20(0-34-53-07).webp","image","200","assets/images/6750c1b16c7f401803e875c7_-_-_-_-_-_-0-34-53-07-.webp","12580","done",""
"https://cdn.prod.website-files.com/673306db3b111afa559bc378/6750c1b1421c22dffff3eb5e_%D7%94%D7%9E%D7%A9%D7%A4%D7%98_%D7%94%D7%90%D7%97%D7%A8%D7%95%D7%9F_%D7%A9%D7%9C_%D7%A7%D7%A4%D7%A7%D7%90-_%D7%90%D7%95%D7%9F_%D7%9C%D7%99%D7%99%D7%9F-%20(0-47-51-11).webp","image","200","assets/images/6750c1b1421c22dffff3eb5e_-_-_-_-_-_-0-47-51-11-.webp","12254","done",""
"https://cdn.prod.website-files.com/673306db3b111afa559bc378/6750c1b1c4c105a3f784cfe6_%D7%94%D7%9E%D7%A9%D7%A4%D7%98_%D7%94%D7%90%D7%97%D7%A8%D7%95%D7%9F_%D7%A9%D7%9C_%D7%A7%D7%A4%D7%A7%D7%90-_%D7%90%D7%95%D7%9F_%D7%9C%D7%99%D7%99%D7%9F-%20(0-54-43-21).webp","image","200","assets/images/6750c1b1c4c105a3f784cfe6_-_-_-_-_-_-0-54-43-21-.webp","18526","done",""
"https://cdn.prod.website-files.com/673306db3b111afa559bc378/6750c1b134feea701b7eb768_%D7%94%D7%9E%D7%A9%D7%A4%D7%98_%D7%94%D7%90%D7%97%D7%A8%D7%95%D7%9F_%D7%A9%D7%9C_%D7%A7%D7%A4%D7%A7%D7%90-_%D7%90%D7%95%D7%9F_%D7%9C%D7%99%D7%99%D7%9F-%20(0-59-08-11).webp","image","200","assets/images/6750c1b134feea701b7eb768_-_-_-_-_-_-0-59-08-11-.webp","5188","done",""
"https://cdn.prod.website-files.com/673306db3b111afa559bc378/6750c1b1ee8391dc84f08a6b_%D7%94%D7%9E%D7%A9%D7%A4%D7%98_%D7%94%D7%90%D7%97%D7%A8%D7%95%D7%9F_%D7%A9%D7%9C_%D7%A7%D7%A4%D7%A7%D7%90-_%D7%90%D7%95%D7%9F_%D7%9C%D7%99%D7%99%D7%9F-%20(1-06-00-21).webp","image","200","assets/images/6750c1b1ee8391dc84f08a6b_-_-_-_-_-_-1-06-00-21-.webp","11300","done",""
"https://cdn.prod.website-files.com/673306db3b111afa559bc378/6750c1b15d8e4ad5c9947b2d_%D7%94%D7%9E%D7%A9%D7%A4%D7%98_%D7%94%D7%90%D7%97%D7%A8%D7%95%D7%9F_%D7%A9%D7%9C_%D7%A7%D7%A4%D7%A7%D7%90-_%D7%90%D7%95%D7%9F_%D7%9C%D7%99%D7%99%D7%9F-%20(1-10-09-22).webp","image","200","assets/images/6750c1b15d8e4ad5c9947b2d_-_-_-_-_-_-1-10-09-22-.webp","7912","done",""
"https://cdn.prod.website-files.com/673306db3b111afa559bc378/67b33d6fdf05f931cafc4184_HAIFA.png","image","200","assets/images/67b33d6fdf05f931cafc4184_HAIFA.png","15703","done",""
"https://cdn.jsdelivr.net/gh/niccolomiranda/siena/Taboo-01.mp4","video","200","","14636819","failed","Skipped: exceeds size limit"
"https://cdn.prod.website-files.com/673306db3b111afa559bc378/678fa9e14d1a274aa6fbb8f4_taboo.webp","image","200","assets/images/678fa9e14d1a274aa6fbb8f4_taboo.webp","75454","done",""
"https://cdn.prod.website-files.com/673306db3b111afa559bc378/678fa9e14d1a274aa6fbb8f4_taboo-p-500.webp","image","200","assets/images/678fa9e14d1a274aa6fbb8f4_taboo-p-500.webp","22284","done",""
"https://cdn.prod.website-files.com/673306db3b111afa559bc378/678fa9e14d1a274aa6fbb8f4_taboo-p-800.webp","image","200","assets/images/678fa9e14d1a274aa6fbb8f4_taboo-p-800.webp","41666","done",""
"https://cdn.prod.website-files.com/673306db3b111afa559bc378/678fa9e14d1a274aa6fbb8f4_taboo-p-1080.webp","image","200","assets/images/678fa9e14d1a274aa6fbb8f4_taboo-p-1080.webp","58228","done",""
"https://cdn.prod.website-files.com/673306db3b111afa559bc378/6750c25a5d8e4ad5c9950fb1_Taboo%20(0-01-41-04).webp","image","200","assets/images/6750c25a5d8e4ad5c9950fb1_Taboo-0-01-41-04-.webp","8058","done",""
"https://cdn.prod.website-files.com/673306db3b111afa559bc378/6750c25a0d6c11ee5940df65_Taboo%20(0-02-59-00).webp","image","200","assets/images/6750c25a0d6c11ee5940df65_Taboo-0-02-59-00-.webp","11978","done",""
"https://cdn.prod.website-files.com/673306db3b111afa559bc378/6750c25a37cd1cd9f91eb08a_Taboo%20(0-05-34-15).webp","image","200","assets/images/6750c25a37cd1cd9f91eb08a_Taboo-0-05-34-15-.webp","14242","done",""
"https://cdn.prod.website-files.com/673306db3b111afa559bc378/6750c25a019925272302eff3_Taboo%20(0-05-50-04).webp","image","200","assets/images/6750c25a019925272302eff3_Taboo-0-05-50-04-.webp","4230","done",""
"https://cdn.prod.website-files.com/673306db3b111afa559bc378/6750c25a64828da173c7df1f_Taboo%20(0-07-46-22).webp","image","200","assets/images/6750c25a64828da173c7df1f_Taboo-0-07-46-22-.webp","15824","done",""
"https://cdn.prod.website-files.com/673306db3b111afa559bc378/6750c25ae943deed07a61e72_Taboo%20(0-08-25-19).webp","image","200","assets/images/6750c25ae943deed07a61e72_Taboo-0-08-25-19-.webp","10666","done",""
"https://cdn.prod.website-files.com/673306db3b111afa559bc378/6750c25abd2484044fe21d07_Taboo%20(0-09-43-15).webp","image","200","assets/images/6750c25abd2484044fe21d07_Taboo-0-09-43-15-.webp","10258","done",""
"https://cdn.prod.website-files.com/673306db3b111afa559bc378/6750c25a3f7e670ae4181072_Taboo%20(0-11-01-11).webp","image","200","assets/images/6750c25a3f7e670ae4181072_Taboo-0-11-01-11-.webp","18402","done",""
"https://cdn.prod.website-files.com/673306db3b111afa559bc378/6750c25a39ab8157cdc1bccd_Taboo%20(0-12-34-20).webp","image","200","assets/images/6750c25a39ab8157cdc1bccd_Taboo-0-12-34-20-.webp","11384","done",""
"https://cdn.prod.website-files.com/673306db3b111afa559bc378/6750c25a019925272302eff6_Taboo%20(0-12-58-04).webp","image","200","assets/images/6750c25a019925272302eff6_Taboo-0-12-58-04-.webp","5118","done",""
"https://cdn.prod.website-files.com/673306db3b111afa559bc378/6750c25ae3f9c080ac8b09f1_Taboo%20(0-17-07-04).webp","image","200","assets/images/6750c25ae3f9c080ac8b09f1_Taboo-0-17-07-04-.webp","11988","done",""
"https://cdn.prod.website-files.com/673306db3b111afa559bc378/6750c25a468564195ba131d4_Taboo%20(0-18-17-05).webp","image","200","assets/images/6750c25a468564195ba131d4_Taboo-0-18-17-05-.webp","15168","done",""
"https://cdn.prod.website-files.com/673306db3b111afa559bc378/6750c25a515e82d6aa3b9fe2_Taboo%20(0-19-35-01).webp","image","200","assets/images/6750c25a515e82d6aa3b9fe2_Taboo-0-19-35-01-.webp","7672","done",""
"https://cdn.prod.website-files.com/673306db3b111afa559bc378/6750c25a3f7e670ae418106a_Taboo%20(0-22-26-06).webp","image","200","assets/images/6750c25a3f7e670ae418106a_Taboo-0-22-26-06-.webp","16256","done",""
"https://cdn.prod.website-files.com/673306db3b111afa559bc378/6750c25a34feea701b7f4ef6_Taboo%20(0-24-38-13).webp","image","200","assets/images/6750c25a34feea701b7f4ef6_Taboo-0-24-38-13-.webp","15376","done",""
"https://cdn.prod.website-files.com/673306db3b111afa559bc378/6750c25ad7b4a61754ec52e9_Taboo%20(0-25-56-08).webp","image","200","assets/images/6750c25ad7b4a61754ec52e9_Taboo-0-25-56-08-.webp","8906","done",""
"https://cdn.prod.website-files.com/673306db3b111afa559bc378/6750c25a7dbfedbc76168b61_Taboo%20(0-28-08-15).webp","image","200","assets/images/6750c25a7dbfedbc76168b61_Taboo-0-28-08-15-.webp","7762","done",""
"https://cdn.prod.website-files.com/673306db3b111afa559bc378/6750c25a37cd1cd9f91eb073_Taboo%20(0-39-41-05).webp","image","200","assets/images/6750c25a37cd1cd9f91eb073_Taboo-0-39-41-05-.webp","10324","done",""
"https://cdn.prod.website-files.com/673306db3b111afa559bc378/6750c25aa888727f1d03c8a1_Taboo%20(0-43-58-00).webp","image","200","assets/images/6750c25aa888727f1d03c8a1_Taboo-0-43-58-00-.webp","19748","done",""
"https://cdn.prod.website-files.com/673306db3b111afa559bc378/6750c25a5ce16971b1411003_Taboo%20(0-50-27-02).webp","image","200","assets/images/6750c25a5ce16971b1411003_Taboo-0-50-27-02-.webp","20370","done",""
"https://cdn.prod.website-files.com/673306db3b111afa559bc378/6750c25a4a5c748ff40127e1_Taboo%20(0-51-44-22).webp","image","200","assets/images/6750c25a4a5c748ff40127e1_Taboo-0-51-44-22-.webp","12302","done",""
"https://cdn.prod.website-files.com/673306db3b111afa559bc378/6750c25a34feea701b7f4eec_Taboo%20(0-52-23-19).webp","image","200","assets/images/6750c25a34feea701b7f4eec_Taboo-0-52-23-19-.webp","10454","done",""
"https://cdn.prod.website-files.com/673306db3b111afa559bc378/6750c25a3b21fa1aeb6fae1e_Taboo%20(1-00-18-12).webp","image","200","assets/images/6750c25a3b21fa1aeb6fae1e_Taboo-1-00-18-12-.webp","10832","done",""
"https://cdn.prod.website-files.com/673306db3b111afa559bc378/67b33d45cc5be3934ad3debe_Thessaloniki%20Film%20Festival.png","image","200","assets/images/67b33d45cc5be3934ad3debe_Thessaloniki-Film-Festival.png","15294","done",""
"https://cdn.jsdelivr.net/gh/niccolomiranda/siena/Project_X-01.mp4","video","200","","15674276","failed","Skipped: exceeds size limit"
"https://cdn.prod.website-files.com/673306db3b111afa559bc378/678fa9c8125c27c780a015e7_project_x.webp","image","200","assets/images/678fa9c8125c27c780a015e7_project_x.webp","43130","done",""
"https://cdn.prod.website-files.com/673306db3b111afa559bc378/678fa9c8125c27c780a015e7_project_x-p-500.webp","image","200","assets/images/678fa9c8125c27c780a015e7_project_x-p-500.webp","12886","done",""
"https://cdn.prod.website-files.com/673306db3b111afa559bc378/678fa9c8125c27c780a015e7_project_x-p-800.webp","image","200","assets/images/678fa9c8125c27c780a015e7_project_x-p-800.webp","24380","done",""
"https://cdn.prod.website-files.com/673306db3b111afa559bc378/678fa9c8125c27c780a015e7_project_x-p-1080.webp","image","200","assets/images/678fa9c8125c27c780a015e7_project_x-p-1080.webp","34712","done",""
"https://cdn.prod.website-files.com/673306db3b111afa559bc378/678e5a913e471209a884a6c0_my_project_x_01.webp","image","200","assets/images/678e5a913e471209a884a6c0_my_project_x_01.webp","14426","done",""
"https://cdn.prod.website-files.com/673306db3b111afa559bc378/678e5a9122b4df88da98f62e_my_project_x_02.webp","image","200","assets/images/678e5a9122b4df88da98f62e_my_project_x_02.webp","16848","done",""
"https://cdn.prod.website-files.com/673306db3b111afa559bc378/678e5a91fa956fadca7341cc_my_project_x_03.webp","image","200","assets/images/678e5a91fa956fadca7341cc_my_project_x_03.webp","19808","done",""
"https://cdn.prod.website-files.com/673306db3b111afa559bc378/678e5a91d7a705680ff13ee0_my_project_x_04.webp","image","200","assets/images/678e5a91d7a705680ff13ee0_my_project_x_04.webp","18830","done",""
"https://cdn.prod.website-files.com/673306db3b111afa559bc378/678e5a9193b021bef207b3b4_my_project_x_05.webp","image","200","assets/images/678e5a9193b021bef207b3b4_my_project_x_05.webp","20588","done",""
"https://cdn.prod.website-files.com/673306db3b111afa559bc378/678e5a91cfcb5fdb253d97dd_my_project_x_06.webp","image","200","assets/images/678e5a91cfcb5fdb253d97dd_my_project_x_06.webp","22450","done",""
"https://cdn.prod.website-files.com/673306db3b111afa559bc378/678e5a91c091929871280346_my_project_x_07.webp","image","200","assets/images/678e5a91c091929871280346_my_project_x_07.webp","24868","done",""
"https://cdn.prod.website-files.com/673306db3b111afa559bc378/678e5a9129c3b5a65786d275_my_project_x_08.webp","image","200","assets/images/678e5a9129c3b5a65786d275_my_project_x_08.webp","20224","done",""
"https://cdn.prod.website-files.com/673306db3b111afa559bc378/678e5a9182f3d447d779cd5c_my_project_x_09.webp","image","200","assets/images/678e5a9182f3d447d779cd5c_my_project_x_09.webp","13066","done",""
"https://cdn.prod.website-files.com/673306db3b111afa559bc378/678e5a9119059b6f9ea50870_my_project_x_10.webp","image","200","assets/images/678e5a9119059b6f9ea50870_my_project_x_10.webp","18298","done",""
"https://cdn.prod.website-files.com/673306db3b111afa559bc378/678e5a911a7b8926b8b777b6_my_project_x_11.webp","image","200","assets/images/678e5a911a7b8926b8b777b6_my_project_x_11.webp","22092","done",""
"https://cdn.prod.website-files.com/673306db3b111afa559bc378/678e5a914b9b871ba684ab33_my_project_x_12.webp","image","200","assets/images/678e5a914b9b871ba684ab33_my_project_x_12.webp","31554","done",""
"https://cdn.prod.website-files.com/673306db3b111afa559bc378/678e5a91dc2c9aa344e2b13e_my_project_x_13.webp","image","200","assets/images/678e5a91dc2c9aa344e2b13e_my_project_x_13.webp","14812","done",""
"https://cdn.prod.website-files.com/673306db3b111afa559bc378/678e5a91b2722a4f2c621cc4_my_project_x_14.webp","image","200","assets/images/678e5a91b2722a4f2c621cc4_my_project_x_14.webp","16464","done",""
"https://cdn.prod.website-files.com/673306db3b111afa559bc378/675eb98a528dc10719f7f0d0_freud-the-outsider.webp","image","200","assets/images/675eb98a528dc10719f7f0d0_freud-the-outsider.webp","97296","done",""
"https://cdn.prod.website-files.com/673306db3b111afa559bc378/675eb98a528dc10719f7f0d0_freud-the-outsider-p-500.webp","image","200","assets/images/675eb98a528dc10719f7f0d0_freud-the-outsider-p-500.webp","12426","done",""
"https://cdn.prod.website-files.com/673306db3b111afa559bc378/675eb98a528dc10719f7f0d0_freud-the-outsider-p-800.webp","image","200","assets/images/675eb98a528dc10719f7f0d0_freud-the-outsider-p-800.webp","25512","done",""
"https://cdn.prod.website-files.com/673306db3b111afa559bc378/675eb98a528dc10719f7f0d0_freud-the-outsider-p-1080.webp","image","200","assets/images/675eb98a528dc10719f7f0d0_freud-the-outsider-p-1080.webp","38836","done",""
"https://cdn.prod.website-files.com/673306db3b111afa559bc378/678e59dae9778f5d8c450a4f_freud_01.webp","image","200","assets/images/678e59dae9778f5d8c450a4f_freud_01.webp","20340","done",""
"https://cdn.prod.website-files.com/673306db3b111afa559bc378/678e59da1deb22f6676bb74b_freud_02.webp","image","200","assets/images/678e59da1deb22f6676bb74b_freud_02.webp","18982","done",""
"https://cdn.prod.website-files.com/673306db3b111afa559bc378/678e59da1a7b8926b8b68987_freud_03.webp","image","200","assets/images/678e59da1a7b8926b8b68987_freud_03.webp","17542","done",""
"https://cdn.prod.website-files.com/673306db3b111afa559bc378/678e59daee5db5287ced0f27_freud_04.webp","image","200","assets/images/678e59daee5db5287ced0f27_freud_04.webp","19066","done",""
"https://cdn.prod.website-files.com/673306db3b111afa559bc378/678e59da9df46e36e22a946d_freud_05.webp","image","200","assets/images/678e59da9df46e36e22a946d_freud_05.webp","17544","done",""
"https://cdn.prod.website-files.com/673306db3b111afa559bc378/678e59dae9778f5d8c450a4c_freud_06.webp","image","200","assets/images/678e59dae9778f5d8c450a4c_freud_06.webp","19038","done",""
"https://cdn.prod.website-files.com/673306db3b111afa559bc378/678e59da24d5f5e61ee62428_freud_07.webp","image","200","assets/images/678e59da24d5f5e61ee62428_freud_07.webp","18382","done",""
"https://cdn.prod.website-files.com/673306db3b111afa559bc378/678e59da3ad27ba85d598e09_freud_08.webp","image","200","assets/images/678e59da3ad27ba85d598e09_freud_08.webp","34318","done",""
"https://cdn.prod.website-files.com/673306db3b111afa559bc378/678e59daed5fcd09734739de_freud_09.webp","image","200","assets/images/678e59daed5fcd09734739de_freud_09.webp","10604","done",""
"https://cdn.prod.website-files.com/673306db3b111afa559bc378/678e59dab6f954932d29fd0d_freud_10.webp","image","200","assets/images/678e59dab6f954932d29fd0d_freud_10.webp","15098","done",""
"https://cdn.prod.website-files.com/673306db3b111afa559bc378/678e59dad77cc22edb998fdc_freud_11.webp","image","200","assets/images/678e59dad77cc22edb998fdc_freud_11.webp","22502","done",""
"https://cdn.prod.website-files.com/673306db3b111afa559bc378/678e59db831f86f028894152_freud_12.webp","image","200","assets/images/678e59db831f86f028894152_freud_12.webp","22380","done",""
"https://cdn.prod.website-files.com/673306db3b111afa559bc378/678e59da1deb22f6676bb747_freud_13.webp","image","200","assets/images/678e59da1deb22f6676bb747_freud_13.webp","37606","done",""
"https://cdn.prod.website-files.com/673306db3b111afa559bc378/678e59da15bb50fab3e1b79b_freud_14.webp","image","200","assets/images/678e59da15bb50fab3e1b79b_freud_14.webp","15002","done",""
"https://cdn.prod.website-files.com/673306db3b111afa559bc378/678e59da5b26492fedea00ac_freud_15.webp","image","200","assets/images/678e59da5b26492fedea00ac_freud_15.webp","18140","done",""
"https://cdn.prod.website-files.com/673306db3b111afa559bc378/678e59dafd1f50099e139f97_freud_16.webp","image","200","assets/images/678e59dafd1f50099e139f97_freud_16.webp","17814","done",""
"https://cdn.prod.website-files.com/673306db3b111afa559bc378/678e59da56d6bdf820518834_freud_17.webp","image","200","assets/images/678e59da56d6bdf820518834_freud_17.webp","23350","done",""
"https://cdn.prod.website-files.com/673306db3b111afa559bc378/678e59da7488216cc34850d4_freud_18.webp","image","200","assets/images/678e59da7488216cc34850d4_freud_18.webp","38788","done",""
"https://cdn.prod.website-files.com/673306db3b111afa559bc378/678e59da280ae27355797c9a_freud_19.webp","image","200","assets/images/678e59da280ae27355797c9a_freud_19.webp","54358","done",""
"https://cdn.prod.website-files.com/673306db3b111afa559bc378/678e59dad679a4bb830825c4_freud_20.webp","image","200","assets/images/678e59dad679a4bb830825c4_freud_20.webp","9730","done",""
"https://cdn.prod.website-files.com/673306db3b111afa559bc378/67b33bf6d54b2fd8cff2bbd1_JFF.png","image","200","assets/images/67b33bf6d54b2fd8cff2bbd1_JFF.png","12818","done",""
"https://cdn.prod.website-files.com/673306db3b111afa559bc378/67b33da1cc1937c720b83218_Mannheim.png","image","200","assets/images/67b33da1cc1937c720b83218_Mannheim.png","13856","done",""
"https://cdn.prod.website-files.com/673306db3b111afa559bc378/67b33dba2b84c3e87f35f27d_Kiez%20Berlin%20Film%20Festival.png","image","200","assets/images/67b33dba2b84c3e87f35f27d_Kiez-Berlin-Film-Festival.png","20809","done",""
"https://cdn.jsdelivr.net/gh/niccolomiranda/siena/Ana_Maxim.mp4","video","200","","17491344","failed","Skipped: exceeds size limit"
"https://cdn.prod.website-files.com/673306db3b111afa559bc378/678fa99b36a990291b93f663_ana-maxim.webp","image","200","assets/images/678fa99b36a990291b93f663_ana-maxim.webp","60564","done",""
"https://cdn.prod.website-files.com/673306db3b111afa559bc378/678fa99b36a990291b93f663_ana-maxim-p-500.webp","image","200","assets/images/678fa99b36a990291b93f663_ana-maxim-p-500.webp","18526","done",""
"https://cdn.prod.website-files.com/673306db3b111afa559bc378/678fa99b36a990291b93f663_ana-maxim-p-800.webp","image","200","assets/images/678fa99b36a990291b93f663_ana-maxim-p-800.webp","34798","done",""
"https://cdn.prod.website-files.com/673306db3b111afa559bc378/678fa99b36a990291b93f663_ana-maxim-p-1080.webp","image","200","assets/images/678fa99b36a990291b93f663_ana-maxim-p-1080.webp","49388","done",""
"https://cdn.prod.website-files.com/673306db3b111afa559bc378/678e5cde22b4df88da9b4fcf_ana-maxim-01.webp","image","200","assets/images/678e5cde22b4df88da9b4fcf_ana-maxim-01.webp","17026","done",""
"https://cdn.prod.website-files.com/673306db3b111afa559bc378/678e5cde462ef0ecd8b0e0dd_ana-maxim-02.webp","image","200","assets/images/678e5cde462ef0ecd8b0e0dd_ana-maxim-02.webp","18256","done",""
"https://cdn.prod.website-files.com/673306db3b111afa559bc378/678e5cde19059b6f9ea71ee6_ana-maxim-03.webp","image","200","assets/images/678e5cde19059b6f9ea71ee6_ana-maxim-03.webp","17208","done",""
"https://cdn.prod.website-files.com/673306db3b111afa559bc378/678e5cde082c60c07d349c18_ana-maxim-04.webp","image","200","assets/images/678e5cde082c60c07d349c18_ana-maxim-04.webp","30266","done",""
"https://cdn.prod.website-files.com/673306db3b111afa559bc378/678e5cde3e094f4389c6aaf1_ana-maxim-05.webp","image","200","assets/images/678e5cde3e094f4389c6aaf1_ana-maxim-05.webp","29674","done",""
"https://cdn.prod.website-files.com/673306db3b111afa559bc378/678e5cdeb2722a4f2c64292e_ana-maxim-06.webp","image","200","assets/images/678e5cdeb2722a4f2c64292e_ana-maxim-06.webp","16306","done",""
"https://cdn.prod.website-files.com/673306db3b111afa559bc378/678e5cde7f4cede2c4a1b75b_ana-maxim-07.webp","image","200","assets/images/678e5cde7f4cede2c4a1b75b_ana-maxim-07.webp","26418","done",""
"https://cdn.prod.website-files.com/673306db3b111afa559bc378/678e5cde2ac015ee5d8b1aa5_ana-maxim-09.webp","image","200","assets/images/678e5cde2ac015ee5d8b1aa5_ana-maxim-09.webp","45520","done",""
"https://cdn.prod.website-files.com/673306db3b111afa559bc378/678e5cdef6ac4c4aa0ca29aa_ana-maxim-10.webp","image","200","assets/images/678e5cdef6ac4c4aa0ca29aa_ana-maxim-10.webp","33466","done",""
"https://cdn.prod.website-files.com/673306db3b111afa559bc378/678e5cdec38739a858a7aebe_ana-maxim-11.webp","image","200","assets/images/678e5cdec38739a858a7aebe_ana-maxim-11.webp","50914","done",""
"https://cdn.prod.website-files.com/673306db3b111afa559bc378/678e5cde9df46e36e22de953_ana-maxim-12.webp","image","200","assets/images/678e5cde9df46e36e22de953_ana-maxim-12.webp","28128","done",""
"https://cdn.prod.website-files.com/673306db3b111afa559bc378/678e5cded679a4bb830afa61_ana-maxim-13.webp","image","200","assets/images/678e5cded679a4bb830afa61_ana-maxim-13.webp","47506","done",""
"https://cdn.prod.website-files.com/673306db3b111afa559bc378/678e5cde1335db493c769a42_ana-maxim-14.webp","image","200","assets/images/678e5cde1335db493c769a42_ana-maxim-14.webp","13274","done",""
"https://cdn.prod.website-files.com/673306db3b111afa559bc378/67b33d648d343fbc69084e9f_Cinema%20South%20Festival.png","image","200","assets/images/67b33d648d343fbc69084e9f_Cinema-South-Festival.png","16318","done",""
"https://cdn.prod.website-files.com/673306db3b111afa559bc378/6a6738b45e0d15e835b77ebf_BYANYMEANS_2024-04-28_EJA-02511_R2.webp","image","200","assets/images/6a6738b45e0d15e835b77ebf_BYANYMEANS_2024-04-28_EJA-02511_R2.webp","106122","done",""
"https://cdn.prod.website-files.com/673306db3b111afa559bc378/6a6738b45e0d15e835b77ebf_BYANYMEANS_2024-04-28_EJA-02511_R2-p-500.webp","image","200","assets/images/6a6738b45e0d15e835b77ebf_BYANYMEANS_2024-04-28_EJA-02511_R2-p-500.webp","20498","done",""
"https://cdn.prod.website-files.com/673306db3b111afa559bc378/6a6738b45e0d15e835b77ebf_BYANYMEANS_2024-04-28_EJA-02511_R2-p-800.webp","image","200","assets/images/6a6738b45e0d15e835b77ebf_BYANYMEANS_2024-04-28_EJA-02511_R2-p-800.webp","40998","done",""
"https://cdn.prod.website-files.com/673306db3b111afa559bc378/6a6738b45e0d15e835b77ebf_BYANYMEANS_2024-04-28_EJA-02511_R2-p-1080.webp","image","200","assets/images/6a6738b45e0d15e835b77ebf_BYANYMEANS_2024-04-28_EJA-02511_R2-p-1080.webp","67858","done",""
"https://cdn.prod.website-files.com/673306db3b111afa559bc378/6a6738b45e0d15e835b77ebf_BYANYMEANS_2024-04-28_EJA-02511_R2-p-1600.webp","image","200","assets/images/6a6738b45e0d15e835b77ebf_BYANYMEANS_2024-04-28_EJA-02511_R2-p-1600.webp","105428","done",""
"https://cdn.prod.website-files.com/673306db3b111afa559bc378/6a290da8c2f66710da71fbac_BY-ANY-MEANS-052826-03-806c7f8532834b8db62c21d0b23ca16b.webp","image","200","assets/images/6a290da8c2f66710da71fbac_BY-ANY-MEANS-052826-03-806c7f8532834b8db62c21d0b23ca16b.bin","139928","done",""
"https://cdn.prod.website-files.com/673306db3b111afa559bc378/6a290da8c2f66710da71fbac_BY-ANY-MEANS-052826-03-806c7f8532834b8db62c21d0b23ca16b-p-500.webp","image","200","assets/images/6a290da8c2f66710da71fbac_BY-ANY-MEANS-052826-03-806c7f8532834b8db62c21d0b23ca16b-2.bin","31318","done",""
"https://cdn.prod.website-files.com/673306db3b111afa559bc378/6a290da8c2f66710da71fbac_BY-ANY-MEANS-052826-03-806c7f8532834b8db62c21d0b23ca16b-p-800.webp","image","200","assets/images/6a290da8c2f66710da71fbac_BY-ANY-MEANS-052826-03-806c7f8532834b8db62c21d0b23ca16b-3.bin","58474","done",""
"https://cdn.prod.website-files.com/673306db3b111afa559bc378/6a290da8c2f66710da71fbac_BY-ANY-MEANS-052826-03-806c7f8532834b8db62c21d0b23ca16b-p-1080.webp","image","200","assets/images/6a290da8c2f66710da71fbac_BY-ANY-MEANS-052826-03-806c7f8532834b8db62c21d0b23ca16b-4.bin","86560","done",""
"https://cdn.prod.website-files.com/673306db3b111afa559bc378/6a290da8c2f66710da71fbac_BY-ANY-MEANS-052826-03-806c7f8532834b8db62c21d0b23ca16b-p-1600.webp","image","200","assets/images/6a290da8c2f66710da71fbac_BY-ANY-MEANS-052826-03-806c7f8532834b8db62c21d0b23ca16b-5.bin","132384","done",""
"https://cdn.prod.website-files.com/673306db3b111afa559bc378/6a673820ceaa7aec2f764dd6_BYANYMEANS_2024-04-28_EJA-02511_R1.webp","image","200","assets/images/6a673820ceaa7aec2f764dd6_BYANYMEANS_2024-04-28_EJA-02511_R1.webp","94834","done",""
"https://cdn.prod.website-files.com/673306db3b111afa559bc378/6a673820ceaa7aec2f764dd6_BYANYMEANS_2024-04-28_EJA-02511_R1-p-500.webp","image","200","assets/images/6a673820ceaa7aec2f764dd6_BYANYMEANS_2024-04-28_EJA-02511_R1-p-500.webp","10450","done",""
"https://cdn.prod.website-files.com/673306db3b111afa559bc378/6a673820ceaa7aec2f764dd6_BYANYMEANS_2024-04-28_EJA-02511_R1-p-800.webp","image","200","assets/images/6a673820ceaa7aec2f764dd6_BYANYMEANS_2024-04-28_EJA-02511_R1-p-800.webp","19406","done",""
"https://cdn.prod.website-files.com/673306db3b111afa559bc378/6a673820ceaa7aec2f764dd6_BYANYMEANS_2024-04-28_EJA-02511_R1-p-1080.webp","image","200","assets/images/6a673820ceaa7aec2f764dd6_BYANYMEANS_2024-04-28_EJA-02511_R1-p-1080.webp","29426","done",""
"https://cdn.prod.website-files.com/673306db3b111afa559bc378/6a673820ceaa7aec2f764dd6_BYANYMEANS_2024-04-28_EJA-02511_R1-p-1600.webp","image","200","assets/images/6a673820ceaa7aec2f764dd6_BYANYMEANS_2024-04-28_EJA-02511_R1-p-1600.webp","53806","done",""
"https://cdn.prod.website-files.com/673306db3b111afa559bc378/6a673820ceaa7aec2f764dd6_BYANYMEANS_2024-04-28_EJA-02511_R1-p-2000.webp","image","200","assets/images/6a673820ceaa7aec2f764dd6_BYANYMEANS_2024-04-28_EJA-02511_R1-p-2000.webp","78556","done",""
"https://cdn.prod.website-files.com/673306db3b111afa559bc378/6a6738201c02dd5904f06180_BYANYMEANS_2024-04-23_EJA-01179_R1.webp","image","200","assets/images/6a6738201c02dd5904f06180_BYANYMEANS_2024-04-23_EJA-01179_R1.webp","235838","done",""
"https://cdn.prod.website-files.com/673306db3b111afa559bc378/6a6738201c02dd5904f06180_BYANYMEANS_2024-04-23_EJA-01179_R1-p-500.webp","image","200","assets/images/6a6738201c02dd5904f06180_BYANYMEANS_2024-04-23_EJA-01179_R1-p-500.webp","36334","done",""
"https://cdn.prod.website-files.com/673306db3b111afa559bc378/6a6738201c02dd5904f06180_BYANYMEANS_2024-04-23_EJA-01179_R1-p-800.webp","image","200","assets/images/6a6738201c02dd5904f06180_BYANYMEANS_2024-04-23_EJA-01179_R1-p-800.webp","72274","done",""
"https://cdn.prod.website-files.com/673306db3b111afa559bc378/6a6738201c02dd5904f06180_BYANYMEANS_2024-04-23_EJA-01179_R1-p-1080.webp","image","200","assets/images/6a6738201c02dd5904f06180_BYANYMEANS_2024-04-23_EJA-01179_R1-p-1080.webp","110326","done",""
"https://cdn.prod.website-files.com/673306db3b111afa559bc378/6a6738201c02dd5904f06180_BYANYMEANS_2024-04-23_EJA-01179_R1-p-1600.webp","image","200","assets/images/6a6738201c02dd5904f06180_BYANYMEANS_2024-04-23_EJA-01179_R1-p-1600.webp","190854","done",""
"https://cdn.prod.website-files.com/673306db3b111afa559bc378/6a6738208876011fee7b0a0e_BYANYMEANS_2024-04-23_EJA-01110_R1.webp","image","200","assets/images/6a6738208876011fee7b0a0e_BYANYMEANS_2024-04-23_EJA-01110_R1.webp","232784","done",""
"https://cdn.prod.website-files.com/673306db3b111afa559bc378/6a6738208876011fee7b0a0e_BYANYMEANS_2024-04-23_EJA-01110_R1-p-500.webp","image","200","assets/images/6a6738208876011fee7b0a0e_BYANYMEANS_2024-04-23_EJA-01110_R1-p-500.webp","28852","done",""
"https://cdn.prod.website-files.com/673306db3b111afa559bc378/6a6738208876011fee7b0a0e_BYANYMEANS_2024-04-23_EJA-01110_R1-p-800.webp","image","200","assets/images/6a6738208876011fee7b0a0e_BYANYMEANS_2024-04-23_EJA-01110_R1-p-800.webp","54020","done",""
"https://cdn.prod.website-files.com/673306db3b111afa559bc378/6a6738208876011fee7b0a0e_BYANYMEANS_2024-04-23_EJA-01110_R1-p-1080.webp","image","200","assets/images/6a6738208876011fee7b0a0e_BYANYMEANS_2024-04-23_EJA-01110_R1-p-1080.webp","80658","done",""
"https://cdn.prod.website-files.com/673306db3b111afa559bc378/6a6738208876011fee7b0a0e_BYANYMEANS_2024-04-23_EJA-01110_R1-p-1600.webp","image","200","assets/images/6a6738208876011fee7b0a0e_BYANYMEANS_2024-04-23_EJA-01110_R1-p-1600.webp","131988","done",""
"https://cdn.prod.website-files.com/673306db3b111afa559bc378/6a6738208876011fee7b0a0e_BYANYMEANS_2024-04-23_EJA-01110_R1-p-2000.webp","image","200","assets/images/6a6738208876011fee7b0a0e_BYANYMEANS_2024-04-23_EJA-01110_R1-p-2000.webp","176474","done",""
"https://cdn.prod.website-files.com/673306db3b111afa559bc378/6a673820af32bdbeb69af6bb_BAM_04-16_MCFADDEN_00875_R21.webp","image","200","assets/images/6a673820af32bdbeb69af6bb_BAM_04-16_MCFADDEN_00875_R21.webp","172306","done",""
"https://cdn.prod.website-files.com/673306db3b111afa559bc378/6a673820af32bdbeb69af6bb_BAM_04-16_MCFADDEN_00875_R21-p-500.webp","image","200","assets/images/6a673820af32bdbeb69af6bb_BAM_04-16_MCFADDEN_00875_R21-p-500.webp","19382","done",""
"https://cdn.prod.website-files.com/673306db3b111afa559bc378/6a673820af32bdbeb69af6bb_BAM_04-16_MCFADDEN_00875_R21-p-800.webp","image","200","assets/images/6a673820af32bdbeb69af6bb_BAM_04-16_MCFADDEN_00875_R21-p-800.webp","34922","done",""
"https://cdn.prod.website-files.com/673306db3b111afa559bc378/6a673820af32bdbeb69af6bb_BAM_04-16_MCFADDEN_00875_R21-p-1080.webp","image","200","assets/images/6a673820af32bdbeb69af6bb_BAM_04-16_MCFADDEN_00875_R21-p-1080.webp","51440","done",""
"https://cdn.prod.website-files.com/673306db3b111afa559bc378/6a673820af32bdbeb69af6bb_BAM_04-16_MCFADDEN_00875_R21-p-1600.webp","image","200","assets/images/6a673820af32bdbeb69af6bb_BAM_04-16_MCFADDEN_00875_R21-p-1600.webp","84488","done",""
"https://cdn.prod.website-files.com/673306db3b111afa559bc378/6a673820af32bdbeb69af6bb_BAM_04-16_MCFADDEN_00875_R21-p-2000.webp","image","200","assets/images/6a673820af32bdbeb69af6bb_BAM_04-16_MCFADDEN_00875_R21-p-2000.webp","114762","done",""
"https://cdn.prod.website-files.com/673306db3b111afa559bc378/6a673820af32bdbeb69af6bb_BAM_04-16_MCFADDEN_00875_R21-p-2600.webp","image","200","assets/images/6a673820af32bdbeb69af6bb_BAM_04-16_MCFADDEN_00875_R21-p-2600.webp","161154","done",""
"https://cdn.prod.website-files.com/673306db3b111afa559bc378/6a6738202aa5369fab03616e_BAM_04-15_MCFADDEN_00273_R1.webp","image","200","assets/images/6a6738202aa5369fab03616e_BAM_04-15_MCFADDEN_00273_R1.webp","100498","done",""
"https://cdn.prod.website-files.com/673306db3b111afa559bc378/6a6738202aa5369fab03616e_BAM_04-15_MCFADDEN_00273_R1-p-500.webp","image","200","assets/images/6a6738202aa5369fab03616e_BAM_04-15_MCFADDEN_00273_R1-p-500.webp","11004","done",""
"https://cdn.prod.website-files.com/673306db3b111afa559bc378/6a6738202aa5369fab03616e_BAM_04-15_MCFADDEN_00273_R1-p-800.webp","image","200","assets/images/6a6738202aa5369fab03616e_BAM_04-15_MCFADDEN_00273_R1-p-800.webp","19812","done",""
"https://cdn.prod.website-files.com/673306db3b111afa559bc378/6a6738202aa5369fab03616e_BAM_04-15_MCFADDEN_00273_R1-p-1080.webp","image","200","assets/images/6a6738202aa5369fab03616e_BAM_04-15_MCFADDEN_00273_R1-p-1080.webp","29154","done",""
"https://cdn.prod.website-files.com/673306db3b111afa559bc378/6a6738202aa5369fab03616e_BAM_04-15_MCFADDEN_00273_R1-p-1600.webp","image","200","assets/images/6a6738202aa5369fab03616e_BAM_04-15_MCFADDEN_00273_R1-p-1600.webp","50252","done",""
"https://cdn.prod.website-files.com/673306db3b111afa559bc378/6a6738202aa5369fab03616e_BAM_04-15_MCFADDEN_00273_R1-p-2000.webp","image","200","assets/images/6a6738202aa5369fab03616e_BAM_04-15_MCFADDEN_00273_R1-p-2000.webp","68826","done",""
"https://cdn.prod.website-files.com/673306db3b111afa559bc378/6a6738202aa5369fab03616e_BAM_04-15_MCFADDEN_00273_R1-p-2600.webp","image","200","assets/images/6a6738202aa5369fab03616e_BAM_04-15_MCFADDEN_00273_R1-p-2600.webp","96986","done",""
"https://cdn.prod.website-files.com/6728a72e769070a603d43c13/678fb034c5b0d0c6213eba55_about_left.webp","image","200","assets/images/678fb034c5b0d0c6213eba55_about_left.webp","100512","done",""
"https://cdn.prod.website-files.com/6728a72e769070a603d43c13/678fb07578e66e5ce713f348_about_mobile.webp","image","200","assets/images/678fb07578e66e5ce713f348_about_mobile.webp","116356","done",""
"https://cdn.prod.website-files.com/6728a72e769070a603d43c13/678fb07578e66e5ce713f348_about_mobile-p-500.webp","image","200","assets/images/678fb07578e66e5ce713f348_about_mobile-p-500.webp","53104","done",""
"https://cdn.prod.website-files.com/6728a72e769070a603d43c13/678fb07578e66e5ce713f348_about_mobile-p-800.webp","image","200","assets/images/678fb07578e66e5ce713f348_about_mobile-p-800.webp","97364","done",""
"https://cdn.prod.website-files.com/6728a72e769070a603d43c13/678fb040c3c8dea46d9111a0_about_right.webp","image","200","assets/images/678fb040c3c8dea46d9111a0_about_right.webp","93568","done",""
"https://cdn.prod.website-files.com/673306db3b111afa559bc378/677d1c980be9774b01319ddb_Dorit_Profile-Image_Siena.webp","image","200","assets/images/677d1c980be9774b01319ddb_Dorit_Profile-Image_Siena.webp","83468","done",""
"https://cdn.prod.website-files.com/673306db3b111afa559bc378/677d1c980be9774b01319ddb_Dorit_Profile-Image_Siena-p-500.webp","image","200","assets/images/677d1c980be9774b01319ddb_Dorit_Profile-Image_Siena-p-500.webp","37008","done",""
"https://cdn.prod.website-files.com/673306db3b111afa559bc378/677d1c980be9774b01319ddb_Dorit_Profile-Image_Siena-p-800.webp","image","200","assets/images/677d1c980be9774b01319ddb_Dorit_Profile-Image_Siena-p-800.webp","68180","done",""
"https://cdn.prod.website-files.com/673306db3b111afa559bc378/677d1c908e5b2d01aceff0ae_Leelu_Profile-Image_Siena.webp","image","200","assets/images/677d1c908e5b2d01aceff0ae_Leelu_Profile-Image_Siena.webp","36532","done",""
"https://cdn.prod.website-files.com/673306db3b111afa559bc378/677d1c908e5b2d01aceff0ae_Leelu_Profile-Image_Siena-p-500.webp","image","200","assets/images/677d1c908e5b2d01aceff0ae_Leelu_Profile-Image_Siena-p-500.webp","16888","done",""
"https://cdn.prod.website-files.com/673306db3b111afa559bc378/677d1c908e5b2d01aceff0ae_Leelu_Profile-Image_Siena-p-800.webp","image","200","assets/images/677d1c908e5b2d01aceff0ae_Leelu_Profile-Image_Siena-p-800.webp","28764","done",""
"https://cdn.prod.website-files.com/6728a72e769070a603d43c13/677d58c010bb23160f202279_a24logo.png","image","200","assets/images/677d58c010bb23160f202279_a24logo.png","5063","done",""
"https://cdn.prod.website-files.com/6728a72e769070a603d43c13/6761a2bf91a62d459886fa28_cta-frame.avif","image","200","assets/images/6761a2bf91a62d459886fa28_cta-frame.avif","38187","done",""
"https://cdn.prod.website-files.com/6728a72e769070a603d43c13/6761a2bf91a62d459886fa28_cta-frame-p-500.avif","image","200","assets/images/6761a2bf91a62d459886fa28_cta-frame-p-500.avif","11214","done",""
"https://cdn.prod.website-files.com/6728a72e769070a603d43c13/6761a2bf91a62d459886fa28_cta-frame-p-800.avif","image","200","assets/images/6761a2bf91a62d459886fa28_cta-frame-p-800.avif","26854","done",""
"https://cdn.prod.website-files.com/6728a72e769070a603d43c13/js/webflow.0a91112a.bed7af5b8ef7aa34.js","js","200","assets/js/webflow.0a91112a.bed7af5b8ef7aa34.js","10332","done",""
"https://d3e54v103j8qbb.cloudfront.net/img/background-image.svg","svg","200","assets/images/background-image.svg","11068","done",""
"https://cdn.prod.website-files.com/6728a72e769070a603d43c13/6732067e9b97847ee71dc3ce_NeueBrucke-Regular.ttf","font","200","assets/fonts/6732067e9b97847ee71dc3ce_NeueBrucke-Regular.ttf","31988","done",""
"https://cdn.prod.website-files.com/6728a72e769070a603d43c13/673206990534c63071d1887d_P22%20Parrish%20Roman.ttf","font","200","assets/fonts/673206990534c63071d1887d_P22-Parrish-Roman.ttf","60844","done",""
"https://cdn.prod.website-files.com/6728a72e769070a603d43c13/6732069959125d0789024f2c_NB%20International%20Regular.ttf","font","200","assets/fonts/6732069959125d0789024f2c_NB-International-Regular.ttf","99284","done",""